attenuation,n_incidents,baseline_detection,baseline_false_alarm,baseline_lead,held_detection,held_lead,retrain_detection,retrain_lead,advantage_held,advantage_retrain
0.3,58,0.46551724137931033,0.4659090909090909,29.77777777777778,1.0,55.8448275862069,1.0,57.51724137931034,0.5344827586206897,0.5344827586206897
0.4,46,0.5869565217391305,0.39473684210526316,25.59259259259259,1.0,52.02173913043478,1.0,55.26086956521739,0.4130434782608695,0.4130434782608695
0.5,44,0.7045454545454546,0.46153846153846156,20.193548387096776,1.0,55.29545454545455,1.0,59.95454545454545,0.2954545454545454,0.2954545454545454
0.6,34,1.0,0.3246753246753247,26.352941176470587,0.9705882352941176,36.515151515151516,1.0,41.85294117647059,-0.02941176470588236,0.0
0.7,30,1.0,0.4523809523809524,17.766666666666666,1.0,51.7,1.0,43.06666666666667,0.0,0.0
0.8,29,1.0,0.3563218390804598,16.689655172413794,1.0,58.0,1.0,58.44827586206897,0.0,0.0
0.9,28,1.0,0.4594594594594595,22.321428571428573,1.0,52.142857142857146,1.0,52.785714285714285,0.0,0.0
0.95,23,1.0,0.49295774647887325,18.869565217391305,1.0,58.34782608695652,1.0,58.43478260869565,0.0,0.0
